{"cameraMode":{"drawMode":0,"name":"Shaded","section":"Shading Mode"},"sceneLighting":true,"audioPlay":false,"sceneViewState":{"m_AlwaysRefresh":false,"showFog":true,"showSkybox":true,"showFlares":true,"showImageEffects":true,"showParticleSystems":true,"showVisualEffectGraphs":true,"m_FxEnabled":false},"in2DMode":false,"pivot":{"x":63.85490036010742,"y":13.330892562866211,"z":-51.872520446777347},"rotation":{"x":0.7238398790359497,"y":-0.007245554588735104,"z":0.0075986371375620369,"w":0.6899012923240662},"size":70.43313598632813,"orthographic":true}