{"cameraMode":{"drawMode":0,"name":"Shaded","section":"Shading Mode"},"sceneLighting":true,"audioPlay":false,"sceneViewState":{"m_AlwaysRefresh":false,"showFog":true,"showSkybox":true,"showFlares":true,"showImageEffects":true,"showParticleSystems":true,"showVisualEffectGraphs":true,"m_FxEnabled":false},"in2DMode":false,"pivot":{"x":-0.2999646067619324,"y":0.7322803139686585,"z":0.4186350703239441},"rotation":{"x":0.03366117551922798,"y":0.8162393569946289,"z":-0.04780455678701401,"w":0.5747482180595398},"size":0.8723692893981934,"orthographic":true}